samples/2020-05-05_14-52-01/img_26.png,0,0,1,0,0
samples/2020-05-05_14-52-01/img_27.png,0,0,0,0,0
samples/2020-05-05_14-52-01/img_28.png,0,0,1,0,0
samples/2020-05-05_14-52-01/img_29.png,0,0,1,0,0
samples/2020-05-05_14-52-01/img_30.png,0,0,1,0,0
samples/2020-05-05_14-52-01/img_31.png,0,0,1,0,0
samples/2020-05-05_14-52-01/img_32.png,0,0,1,0,0
samples/2020-05-05_14-52-01/img_33.png,0,0,1,0,0
samples/2020-05-05_14-52-01/img_34.png,0,0,1,0,0
samples/2020-05-05_14-52-01/img_35.png,0,0,1,0,0
samples/2020-05-05_14-52-01/img_36.png,0,0,1,0,0
samples/2020-05-05_14-52-01/img_37.png,0,0,1,0,0
samples/2020-05-05_14-52-01/img_38.png,0,0,1,0,0
samples/2020-05-05_14-52-01/img_39.png,0,0,1,0,0
samples/2020-05-05_14-52-01/img_40.png,0,0,1,0,0
samples/2020-05-05_14-52-01/img_41.png,0,0,1,0,0
samples/2020-05-05_14-52-01/img_42.png,0,0,1,0,0
samples/2020-05-05_14-52-01/img_43.png,0,0,1,0,0
samples/2020-05-05_14-52-01/img_44.png,0,0,1,0,0
samples/2020-05-05_14-52-01/img_45.png,0,0,1,0,0
samples/2020-05-05_14-52-01/img_46.png,0,0,1,0,0
samples/2020-05-05_14-52-01/img_47.png,0,0,1,0,0
samples/2020-05-05_14-52-01/img_48.png,0,0,1,0,0
samples/2020-05-05_14-52-01/img_49.png,0,0,1,0,0
samples/2020-05-05_14-52-01/img_50.png,0,0,1,0,0
samples/2020-05-05_14-52-01/img_51.png,0,0,1,0,0
samples/2020-05-05_14-52-01/img_52.png,0,0,1,0,0
samples/2020-05-05_14-52-01/img_53.png,0,0,1,0,0
samples/2020-05-05_14-52-01/img_54.png,0,0,1,0,0
samples/2020-05-05_14-52-01/img_55.png,0,0,1,0,0
samples/2020-05-05_14-52-01/img_56.png,0,0,1,0,0
samples/2020-05-05_14-52-01/img_57.png,0,0,1,0,0
samples/2020-05-05_14-52-01/img_58.png,0,0,1,0,0
samples/2020-05-05_14-52-01/img_59.png,0,0,1,0,0
samples/2020-05-05_14-52-01/img_60.png,0,0,1,0,0
samples/2020-05-05_14-52-01/img_61.png,0,0,1,0,0
samples/2020-05-05_14-52-01/img_62.png,0,0,1,0,0
samples/2020-05-05_14-52-01/img_63.png,0,0,1,0,0
samples/2020-05-05_14-52-01/img_64.png,0,0,1,0,0
samples/2020-05-05_14-52-01/img_65.png,0,0,1,0,0
samples/2020-05-05_14-52-01/img_66.png,0,0,1,0,0
samples/2020-05-05_14-52-01/img_67.png,0,0,1,0,0
samples/2020-05-05_14-52-01/img_68.png,0,0,1,0,0
samples/2020-05-05_14-52-01/img_69.png,0,0,1,0,0
samples/2020-05-05_14-52-01/img_70.png,0,0,1,0,0
samples/2020-05-05_14-52-01/img_71.png,0,0,1,0,0
samples/2020-05-05_14-52-01/img_72.png,0,0.0238037109375,1,0,0
samples/2020-05-05_14-52-01/img_73.png,0,0.103179931640625,1,0,0
samples/2020-05-05_14-52-01/img_74.png,0,0,1,0,0
samples/2020-05-05_14-52-01/img_75.png,0,0.071441650390625,1,0,0
samples/2020-05-05_14-52-01/img_76.png,0,0.047607421875,1,0,0
samples/2020-05-05_14-52-01/img_77.png,0,0.095245361328125,1,0,0
samples/2020-05-05_14-52-01/img_78.png,0,0.0238037109375,1,0,0
samples/2020-05-05_14-52-01/img_79.png,0,0.03173828125,1,0,0
samples/2020-05-05_14-52-01/img_80.png,0,0.0396728515625,1,0,0
samples/2020-05-05_14-52-01/img_81.png,0,0.047607421875,1,0,0
samples/2020-05-05_14-52-01/img_82.png,0,0.03173828125,1,0,0
samples/2020-05-05_14-52-01/img_83.png,0,0,1,0,0
samples/2020-05-05_14-52-01/img_84.png,0,0,1,0,0
samples/2020-05-05_14-52-01/img_85.png,0,0,1,0,0
samples/2020-05-05_14-52-01/img_86.png,0,0.03173828125,1,0,0
samples/2020-05-05_14-52-01/img_87.png,0,0.134918212890625,1,0,0
samples/2020-05-05_14-52-01/img_88.png,0,0,1,0,0
samples/2020-05-05_14-52-01/img_89.png,0,0,1,0,0
samples/2020-05-05_14-52-01/img_90.png,0,0,1,0,0
samples/2020-05-05_14-52-01/img_91.png,0,0,1,0,0
samples/2020-05-05_14-52-01/img_92.png,0,0,1,0,0
samples/2020-05-05_14-52-01/img_93.png,0,0,1,0,0
samples/2020-05-05_14-52-01/img_94.png,0,0,1,0,0
samples/2020-05-05_14-52-01/img_95.png,0,0,1,0,0
samples/2020-05-05_14-52-01/img_96.png,0,0.0634765625,1,0,0
samples/2020-05-05_14-52-01/img_97.png,0,0.03173828125,1,0,0
samples/2020-05-05_14-52-01/img_98.png,0,0,1,0,0
samples/2020-05-05_14-52-01/img_99.png,0,0,1,0,0
samples/2020-05-05_14-52-01/img_100.png,0,0.03173828125,1,0,0
samples/2020-05-05_14-52-01/img_101.png,0,0,1,0,0
samples/2020-05-05_14-52-01/img_102.png,0,0,1,0,0
samples/2020-05-05_14-52-01/img_103.png,0,0.0396728515625,1,0,0
samples/2020-05-05_14-52-01/img_104.png,0,0,1,0,0
samples/2020-05-05_14-52-01/img_105.png,0,0,1,0,0
samples/2020-05-05_14-52-01/img_106.png,0,0,1,0,0
samples/2020-05-05_14-52-01/img_107.png,0,0.0238037109375,1,0,0
samples/2020-05-05_14-52-01/img_108.png,0,0,1,0,0
samples/2020-05-05_14-52-01/img_109.png,0,0,1,0,0
samples/2020-05-05_14-52-01/img_110.png,0,0.0238037109375,1,0,0
samples/2020-05-05_14-52-01/img_111.png,0,0.0238037109375,1,0,0
samples/2020-05-05_14-52-01/img_112.png,0,0.071441650390625,1,0,0
samples/2020-05-05_14-52-01/img_113.png,0,0.0396728515625,1,0,0
samples/2020-05-05_14-52-01/img_114.png,0,0.126983642578125,1,0,0
samples/2020-05-05_14-52-01/img_115.png,0,0.03173828125,1,0,0
samples/2020-05-05_14-52-01/img_116.png,0,0,1,0,0
samples/2020-05-05_14-52-01/img_117.png,0,0.0238037109375,1,0,0
samples/2020-05-05_14-52-01/img_118.png,0,0.095245361328125,1,0,0
samples/2020-05-05_14-52-01/img_119.png,0,0,1,0,0
samples/2020-05-05_14-52-01/img_120.png,0,0.0238037109375,1,0,0
samples/2020-05-05_14-52-01/img_121.png,0,0.03173828125,1,0,0
samples/2020-05-05_14-52-01/img_122.png,0,0.03173828125,1,0,0
samples/2020-05-05_14-52-01/img_123.png,0,0.095245361328125,1,0,0
samples/2020-05-05_14-52-01/img_124.png,0,0.0238037109375,1,0,0
samples/2020-05-05_14-52-01/img_125.png,0,0.03173828125,1,0,0
samples/2020-05-05_14-52-01/img_126.png,0,0.03173828125,1,0,0
samples/2020-05-05_14-52-01/img_127.png,0,0.03173828125,1,0,0
samples/2020-05-05_14-52-01/img_128.png,0,0.03173828125,1,0,0
samples/2020-05-05_14-52-01/img_129.png,0,0.03173828125,1,0,0
samples/2020-05-05_14-52-01/img_130.png,0,0.03173828125,1,0,0
samples/2020-05-05_14-52-01/img_131.png,0.84124755859375,0.190460205078125,1,0,0
samples/2020-05-05_14-52-01/img_132.png,0,0.0238037109375,1,0,0
samples/2020-05-05_14-52-01/img_133.png,0,0.0238037109375,1,0,0
samples/2020-05-05_14-52-01/img_134.png,0,0.0238037109375,1,0,0
samples/2020-05-05_14-52-01/img_135.png,0,0.0238037109375,1,0,0
samples/2020-05-05_14-52-01/img_136.png,0.095245361328125,0.0238037109375,1,0,0
samples/2020-05-05_14-52-01/img_137.png,0,0,1,0,0
samples/2020-05-05_14-52-01/img_138.png,0.84124755859375,0.174591064453125,1,0,0
samples/2020-05-05_14-52-01/img_139.png,0.999969482421875,0.29364013671875,1,0,0
samples/2020-05-05_14-52-01/img_140.png,0.999969482421875,0.32537841796875,1,0,0
samples/2020-05-05_14-52-01/img_141.png,0.999969482421875,0.32537841796875,1,0,0
samples/2020-05-05_14-52-01/img_142.png,0.999969482421875,0.32537841796875,1,0,0
samples/2020-05-05_14-52-01/img_143.png,0,0.03173828125,1,0,0
samples/2020-05-05_14-52-01/img_144.png,0,0.03173828125,1,0,0
samples/2020-05-05_14-52-01/img_145.png,0,0.03173828125,1,0,0
samples/2020-05-05_14-52-01/img_146.png,0,0.03173828125,1,0,0
samples/2020-05-05_14-52-01/img_147.png,0,0.03173828125,1,0,0
samples/2020-05-05_14-52-01/img_148.png,0,0.03173828125,1,0,0
samples/2020-05-05_14-52-01/img_149.png,0,0.03173828125,1,0,0
samples/2020-05-05_14-52-01/img_150.png,0,0.03173828125,1,0,0
samples/2020-05-05_14-52-01/img_151.png,0,0.03173828125,1,0,0
samples/2020-05-05_14-52-01/img_152.png,0.84124755859375,0.103179931640625,1,0,0
samples/2020-05-05_14-52-01/img_153.png,0.0396728515625,0.0238037109375,1,0,0
samples/2020-05-05_14-52-01/img_154.png,0.999969482421875,0.190460205078125,1,0,0
samples/2020-05-05_14-52-01/img_155.png,0.999969482421875,0.190460205078125,1,0,0
samples/2020-05-05_14-52-01/img_156.png,0,0.0238037109375,1,0,0
samples/2020-05-05_14-52-01/img_157.png,0.999969482421875,0.24603271484375,1,0,0
samples/2020-05-05_14-52-01/img_158.png,0,0.03173828125,1,0,0
samples/2020-05-05_14-52-01/img_159.png,0.547607421875,0,1,0,0
samples/2020-05-05_14-52-01/img_160.png,0,0,1,0,0
samples/2020-05-05_14-52-01/img_161.png,0,0,1,0,0
samples/2020-05-05_14-52-01/img_162.png,0,0,1,0,0
samples/2020-05-05_14-52-01/img_163.png,0,0,1,0,0
samples/2020-05-05_14-52-01/img_164.png,0,0.0238037109375,1,0,0
samples/2020-05-05_14-52-01/img_165.png,0,0.0238037109375,1,0,0
samples/2020-05-05_14-52-01/img_166.png,0,0.0238037109375,1,0,0
samples/2020-05-05_14-52-01/img_167.png,0,0.0238037109375,1,0,0
samples/2020-05-05_14-52-01/img_168.png,0,0.0238037109375,1,0,0
samples/2020-05-05_14-52-01/img_169.png,0,0.0238037109375,1,0,0
samples/2020-05-05_14-52-01/img_170.png,0,0.0238037109375,1,0,0
samples/2020-05-05_14-52-01/img_171.png,0,0.0238037109375,1,0,0
samples/2020-05-05_14-52-01/img_172.png,0,0.0396728515625,1,0,0
samples/2020-05-05_14-52-01/img_173.png,0,0.079376220703125,1,0,0
samples/2020-05-05_14-52-01/img_174.png,0,0.0238037109375,1,0,0
samples/2020-05-05_14-52-01/img_175.png,0,0.0238037109375,1,0,0
samples/2020-05-05_14-52-01/img_176.png,0,0.0238037109375,1,0,0
samples/2020-05-05_14-52-01/img_177.png,0,0.087310791015625,1,0,0
samples/2020-05-05_14-52-01/img_178.png,0,0.0396728515625,1,0,0
samples/2020-05-05_14-52-01/img_179.png,0,0.03173828125,1,0,0
samples/2020-05-05_14-52-01/img_180.png,0,0.126983642578125,1,0,0
samples/2020-05-05_14-52-01/img_181.png,0,0.03173828125,1,0,0
samples/2020-05-05_14-52-01/img_182.png,0,0.03173828125,1,0,0
samples/2020-05-05_14-52-01/img_183.png,0,0.166656494140625,1,0,0
samples/2020-05-05_14-52-01/img_184.png,0,0.0396728515625,1,0,0
samples/2020-05-05_14-52-01/img_185.png,0,0.095245361328125,1,0,0
samples/2020-05-05_14-52-01/img_186.png,0,0.158721923828125,1,0,0
samples/2020-05-05_14-52-01/img_187.png,0,0.047607421875,1,0,0
samples/2020-05-05_14-52-01/img_188.png,0,0.079376220703125,1,0,0
samples/2020-05-05_14-52-01/img_189.png,0,0.0396728515625,1,0,0
samples/2020-05-05_14-52-01/img_190.png,0,0,1,0,0
samples/2020-05-05_14-52-01/img_191.png,0,0.126983642578125,1,0,0
samples/2020-05-05_14-52-01/img_192.png,0,0.071441650390625,1,0,0
samples/2020-05-05_14-52-01/img_193.png,0,0.03173828125,1,0,0
samples/2020-05-05_14-52-01/img_194.png,0,0.103179931640625,1,0,0
samples/2020-05-05_14-52-01/img_195.png,0,0.0396728515625,1,0,0
samples/2020-05-05_14-52-01/img_196.png,0,0.126983642578125,1,0,0
samples/2020-05-05_14-52-01/img_197.png,0,0.03173828125,1,0,0
samples/2020-05-05_14-52-01/img_198.png,0,0.174591064453125,1,0,0
samples/2020-05-05_14-52-01/img_199.png,0,0.0396728515625,1,0,0
samples/2020-05-05_14-52-01/img_200.png,0,0.047607421875,1,0,0
samples/2020-05-05_14-52-01/img_201.png,0,0.119049072265625,1,0,0
samples/2020-05-05_14-52-01/img_202.png,0,0.087310791015625,1,0,0
samples/2020-05-05_14-52-01/img_203.png,0,0.0238037109375,1,0,0
samples/2020-05-05_14-52-01/img_204.png,0,0.166656494140625,1,0,0
samples/2020-05-05_14-52-01/img_205.png,0,0.0396728515625,1,0,0
samples/2020-05-05_14-52-01/img_206.png,0,0.079376220703125,1,0,0
samples/2020-05-05_14-52-01/img_207.png,0,0.111114501953125,1,0,0
samples/2020-05-05_14-52-01/img_208.png,0,0.0238037109375,1,0,0
samples/2020-05-05_14-52-01/img_209.png,0,0.158721923828125,1,0,0
samples/2020-05-05_14-52-01/img_210.png,0,0.047607421875,1,0,0
samples/2020-05-05_14-52-01/img_211.png,0,0.166656494140625,1,0,0
samples/2020-05-05_14-52-01/img_212.png,0,0.071441650390625,1,0,0
samples/2020-05-05_14-52-01/img_213.png,0,0.03173828125,1,0,0
samples/2020-05-05_14-52-01/img_214.png,0,0.150787353515625,1,0,0
samples/2020-05-05_14-52-01/img_215.png,0,0.0555419921875,1,0,0
samples/2020-05-05_14-52-01/img_216.png,0,0.047607421875,1,0,0
samples/2020-05-05_14-52-01/img_217.png,0,0.047607421875,1,0,0
samples/2020-05-05_14-52-01/img_218.png,0,0.047607421875,1,0,0
samples/2020-05-05_14-52-01/img_219.png,0,0.0634765625,1,0,0
samples/2020-05-05_14-52-01/img_220.png,0,0.0555419921875,1,0,0
samples/2020-05-05_14-52-01/img_221.png,0,0.0555419921875,1,0,0
samples/2020-05-05_14-52-01/img_222.png,0,0.0555419921875,1,0,0
samples/2020-05-05_14-52-01/img_223.png,0.21429443359375,0.047607421875,1,0,0
samples/2020-05-05_14-52-01/img_224.png,0,0.047607421875,1,0,0
samples/2020-05-05_14-52-01/img_225.png,0,0.047607421875,1,0,0
samples/2020-05-05_14-52-01/img_226.png,0,0.047607421875,1,0,0
samples/2020-05-05_14-52-01/img_227.png,0,0.0238037109375,1,0,0
samples/2020-05-05_14-52-01/img_228.png,0,0.0238037109375,1,0,0
samples/2020-05-05_14-52-01/img_229.png,0,0.0238037109375,1,0,0
samples/2020-05-05_14-52-01/img_230.png,0.84124755859375,0.166656494140625,1,0,0
samples/2020-05-05_14-52-01/img_231.png,0,0.0238037109375,1,0,0
samples/2020-05-05_14-52-01/img_232.png,0,0.0238037109375,1,0,0
samples/2020-05-05_14-52-01/img_233.png,0,0.103179931640625,1,0,0
samples/2020-05-05_14-52-01/img_234.png,0,0.0555419921875,1,0,0
samples/2020-05-05_14-52-01/img_235.png,0,0.0555419921875,1,0,0
samples/2020-05-05_14-52-01/img_236.png,0,0.0555419921875,1,0,0
samples/2020-05-05_14-52-01/img_237.png,0,0.0555419921875,1,0,0
samples/2020-05-05_14-52-01/img_238.png,0,0.0555419921875,1,0,0
samples/2020-05-05_14-52-01/img_239.png,0,0.0555419921875,1,0,0
samples/2020-05-05_14-52-01/img_240.png,0,0.0555419921875,1,0,0
samples/2020-05-05_14-52-01/img_241.png,0,0.0555419921875,1,0,0
samples/2020-05-05_14-52-01/img_242.png,0,0.0555419921875,1,0,0
samples/2020-05-05_14-52-01/img_243.png,0,0.0555419921875,1,0,0
samples/2020-05-05_14-52-01/img_244.png,0,0.0555419921875,1,0,0
samples/2020-05-05_14-52-01/img_245.png,0,0.0555419921875,1,0,0
samples/2020-05-05_14-52-01/img_246.png,0,0.0555419921875,1,0,0
samples/2020-05-05_14-52-01/img_247.png,0,0.0555419921875,1,0,0
samples/2020-05-05_14-52-01/img_248.png,0,0.0555419921875,1,0,0
samples/2020-05-05_14-52-01/img_249.png,0,0.0555419921875,1,0,0
samples/2020-05-05_14-52-01/img_250.png,0,0.0555419921875,1,0,0
samples/2020-05-05_14-52-01/img_251.png,0,0.0555419921875,1,0,0
samples/2020-05-05_14-52-01/img_252.png,0,0.0555419921875,1,0,0
samples/2020-05-05_14-52-01/img_253.png,0,0.0555419921875,1,0,0
samples/2020-05-05_14-52-01/img_254.png,0,0.0555419921875,1,0,0
samples/2020-05-05_14-52-01/img_255.png,0,0.0555419921875,1,0,0
samples/2020-05-05_14-52-01/img_256.png,0,0.0555419921875,1,0,0
samples/2020-05-05_14-52-01/img_257.png,0,0.0555419921875,1,0,0
samples/2020-05-05_14-52-01/img_258.png,0,0.0555419921875,1,0,0
samples/2020-05-05_14-52-01/img_259.png,0,0.0555419921875,1,0,0
samples/2020-05-05_14-52-01/img_260.png,0,0.0555419921875,1,0,0
samples/2020-05-05_14-52-01/img_261.png,0,0.0555419921875,1,0,0
samples/2020-05-05_14-52-01/img_262.png,0,0.0555419921875,1,0,0
samples/2020-05-05_14-52-01/img_263.png,0,0.0555419921875,1,0,0
samples/2020-05-05_14-52-01/img_264.png,0,0.0555419921875,1,0,0
samples/2020-05-05_14-52-01/img_265.png,0,0.0555419921875,1,0,0
samples/2020-05-05_14-52-01/img_266.png,0,0.0555419921875,1,0,0
samples/2020-05-05_14-52-01/img_267.png,0,0.0555419921875,1,0,0
samples/2020-05-05_14-52-01/img_268.png,0,0.0555419921875,1,0,0
samples/2020-05-05_14-52-01/img_269.png,0,0.0555419921875,1,0,0
samples/2020-05-05_14-52-01/img_270.png,0,0.0555419921875,1,0,0
samples/2020-05-05_14-52-01/img_271.png,0,0.0555419921875,1,0,0
samples/2020-05-05_14-52-01/img_272.png,0,0.0555419921875,1,0,0
samples/2020-05-05_14-52-01/img_273.png,0,0.0555419921875,1,0,0
samples/2020-05-05_14-52-01/img_274.png,0,0.0555419921875,1,0,0
samples/2020-05-05_14-52-01/img_275.png,0,0.0555419921875,1,0,0
samples/2020-05-05_14-52-01/img_276.png,0,0.0555419921875,1,0,0
samples/2020-05-05_14-52-01/img_277.png,0,0.0238037109375,1,0,0
samples/2020-05-05_14-52-01/img_278.png,0,0.0238037109375,1,0,0
samples/2020-05-05_14-52-01/img_279.png,0,0.0238037109375,1,0,0
samples/2020-05-05_14-52-01/img_280.png,0,0,1,0,0
samples/2020-05-05_14-52-01/img_281.png,0,0,1,0,0
samples/2020-05-05_14-52-01/img_282.png,0,0.071441650390625,1,0,0
samples/2020-05-05_14-52-01/img_283.png,0,0.0238037109375,1,0,0
samples/2020-05-05_14-52-01/img_284.png,0,0.0238037109375,1,0,0
samples/2020-05-05_14-52-01/img_285.png,0,0,1,0,0
samples/2020-05-05_14-52-01/img_286.png,0,0.0238037109375,1,0,0
samples/2020-05-05_14-52-01/img_287.png,0,0.0396728515625,1,0,0
samples/2020-05-05_14-52-01/img_288.png,0,0.0396728515625,1,0,0
samples/2020-05-05_14-52-01/img_289.png,0,0.03173828125,1,0,0
samples/2020-05-05_14-52-01/img_290.png,0,0.126983642578125,1,0,0
samples/2020-05-05_14-52-01/img_291.png,0,0.079376220703125,1,0,0
samples/2020-05-05_14-52-01/img_292.png,0,0.071441650390625,1,0,0
samples/2020-05-05_14-52-01/img_293.png,0,0.0396728515625,1,0,0
samples/2020-05-05_14-52-01/img_294.png,0,0.0634765625,1,0,0
samples/2020-05-05_14-52-01/img_295.png,0,0.03173828125,1,0,0
samples/2020-05-05_14-52-01/img_296.png,0,0.119049072265625,1,0,0
samples/2020-05-05_14-52-01/img_297.png,0,0.071441650390625,1,0,0
samples/2020-05-05_14-52-01/img_298.png,0,0.182525634765625,1,0,0
samples/2020-05-05_14-52-01/img_299.png,0,0.0396728515625,1,0,0
samples/2020-05-05_14-52-01/img_300.png,0,0.0555419921875,1,0,0
samples/2020-05-05_14-52-01/img_301.png,0,0.0634765625,1,0,0
samples/2020-05-05_14-52-01/img_302.png,0,0.087310791015625,1,0,0
samples/2020-05-05_14-52-01/img_303.png,0,0.03173828125,1,0,0
samples/2020-05-05_14-52-01/img_304.png,0,0.142852783203125,1,0,0
samples/2020-05-05_14-52-01/img_305.png,0,0.03173828125,1,0,0
samples/2020-05-05_14-52-01/img_306.png,0,0,1,0,0
samples/2020-05-05_14-52-01/img_307.png,0,0.174591064453125,1,0,0
samples/2020-05-05_14-52-01/img_308.png,0,0.087310791015625,1,0,0
samples/2020-05-05_14-52-01/img_309.png,0,0.047607421875,1,0,0
samples/2020-05-05_14-52-01/img_310.png,0,0,1,0,0
samples/2020-05-05_14-52-01/img_311.png,0,0.095245361328125,1,0,0
samples/2020-05-05_14-52-01/img_312.png,0,0.126983642578125,1,0,0
samples/2020-05-05_14-52-01/img_313.png,0,0,1,0,0
samples/2020-05-05_14-52-01/img_314.png,0,0,1,0,0
samples/2020-05-05_14-52-01/img_315.png,0,0,1,0,0
samples/2020-05-05_14-52-01/img_316.png,0,0,1,0,0
samples/2020-05-05_14-52-01/img_317.png,0,0,1,0,0
samples/2020-05-05_14-52-01/img_318.png,0,0.03173828125,1,0,0
samples/2020-05-05_14-52-01/img_319.png,0,0.0238037109375,1,0,0
samples/2020-05-05_14-52-01/img_320.png,0,0.119049072265625,1,0,0
samples/2020-05-05_14-52-01/img_321.png,0,0,1,0,0
samples/2020-05-05_14-52-01/img_322.png,0,0,1,0,0
samples/2020-05-05_14-52-01/img_323.png,0,0.150787353515625,1,0,0
samples/2020-05-05_14-52-01/img_324.png,0,0.047607421875,1,0,0
samples/2020-05-05_14-52-01/img_325.png,0,0.26190185546875,1,0,0
samples/2020-05-05_14-52-01/img_326.png,0,0.047607421875,1,0,0
samples/2020-05-05_14-52-01/img_327.png,0,0.047607421875,1,0,0
samples/2020-05-05_14-52-01/img_328.png,0,0.047607421875,1,0,0
samples/2020-05-05_14-52-01/img_329.png,0,0.047607421875,1,0,0
samples/2020-05-05_14-52-01/img_330.png,0,0.047607421875,1,0,0
samples/2020-05-05_14-52-01/img_331.png,0,0.047607421875,1,0,0
samples/2020-05-05_14-52-01/img_332.png,0,0.047607421875,1,0,0
samples/2020-05-05_14-52-01/img_333.png,0,0.047607421875,1,0,0
samples/2020-05-05_14-52-01/img_334.png,0,0.047607421875,1,0,0
samples/2020-05-05_14-52-01/img_335.png,0,0.047607421875,1,0,0
samples/2020-05-05_14-52-01/img_336.png,0,0.047607421875,1,0,0
samples/2020-05-05_14-52-01/img_337.png,0,0.047607421875,1,0,0
samples/2020-05-05_14-52-01/img_338.png,0,0.047607421875,1,0,0
samples/2020-05-05_14-52-01/img_339.png,0,0.047607421875,1,0,0
samples/2020-05-05_14-52-01/img_340.png,0,0.047607421875,1,0,0
samples/2020-05-05_14-52-01/img_341.png,0.03173828125,0,1,0,0
samples/2020-05-05_14-52-01/img_342.png,0.999969482421875,0.198394775390625,1,0,0
samples/2020-05-05_14-52-01/img_343.png,0.174591064453125,0.047607421875,1,0,0
samples/2020-05-05_14-52-01/img_344.png,0,0,1,0,0
samples/2020-05-05_14-52-01/img_345.png,0.999969482421875,0.071441650390625,1,0,0
samples/2020-05-05_14-52-01/img_346.png,0.158721923828125,0,1,0,0
samples/2020-05-05_14-52-01/img_347.png,0,0,1,0,0
samples/2020-05-05_14-52-01/img_348.png,0,0,1,0,0
samples/2020-05-05_14-52-01/img_349.png,0.714263916015625,0.047607421875,1,0,0
samples/2020-05-05_14-52-01/img_350.png,0,0.03173828125,1,0,0
samples/2020-05-05_14-52-01/img_351.png,0,0.0238037109375,1,0,0
samples/2020-05-05_14-52-01/img_352.png,0,0.0238037109375,1,0,0
samples/2020-05-05_14-52-01/img_353.png,0,0.0238037109375,1,0,0
samples/2020-05-05_14-52-01/img_354.png,0,0.0238037109375,1,0,0
samples/2020-05-05_14-52-01/img_355.png,0.992034912109375,0.095245361328125,1,0,0
samples/2020-05-05_14-52-01/img_356.png,0.999969482421875,0.190460205078125,1,0,0
samples/2020-05-05_14-52-01/img_357.png,0,0.0238037109375,1,0,0
samples/2020-05-05_14-52-01/img_358.png,0.999969482421875,0.22222900390625,1,0,0
samples/2020-05-05_14-52-01/img_359.png,0.999969482421875,0.21429443359375,1,0,0
samples/2020-05-05_14-52-01/img_360.png,0,0,1,0,0
samples/2020-05-05_14-52-01/img_361.png,0,0.34918212890625,1,0,0
samples/2020-05-05_14-52-01/img_362.png,0,0.047607421875,1,0,0
samples/2020-05-05_14-52-01/img_363.png,0,0.047607421875,1,0,0
samples/2020-05-05_14-52-01/img_364.png,0,0.079376220703125,1,0,0
samples/2020-05-05_14-52-01/img_365.png,0,0.03173828125,1,0,0
samples/2020-05-05_14-52-01/img_366.png,0,0.03173828125,1,0,0
samples/2020-05-05_14-52-01/img_367.png,0,0.03173828125,1,0,0
samples/2020-05-05_14-52-01/img_368.png,0,0.03173828125,1,0,0
samples/2020-05-05_14-52-01/img_369.png,0,0.03173828125,1,0,0
samples/2020-05-05_14-52-01/img_370.png,0,0.03173828125,1,0,0
samples/2020-05-05_14-52-01/img_371.png,0,0.03173828125,1,0,0
samples/2020-05-05_14-52-01/img_372.png,0,0.03173828125,1,0,0
samples/2020-05-05_14-52-01/img_373.png,0,0.03173828125,1,0,0
samples/2020-05-05_14-52-01/img_374.png,0,0.03173828125,1,0,0
samples/2020-05-05_14-52-01/img_375.png,0,0.03173828125,1,0,0
samples/2020-05-05_14-52-01/img_376.png,0,0.03173828125,1,0,0
samples/2020-05-05_14-52-01/img_377.png,0,0,1,0,0
samples/2020-05-05_14-52-01/img_378.png,0,0,1,0,0
samples/2020-05-05_14-52-01/img_379.png,0,0.182525634765625,1,0,0
samples/2020-05-05_14-52-01/img_380.png,0,0.206329345703125,1,0,0
samples/2020-05-05_14-52-01/img_381.png,0,0.071441650390625,1,0,0
samples/2020-05-05_14-52-01/img_382.png,0,0.047607421875,1,0,0
samples/2020-05-05_14-52-01/img_383.png,0,0.0396728515625,1,0,0
samples/2020-05-05_14-52-01/img_384.png,0,0.0396728515625,1,0,0
samples/2020-05-05_14-52-01/img_385.png,0,0.0396728515625,1,0,0
samples/2020-05-05_14-52-01/img_386.png,0,0.0396728515625,1,0,0
samples/2020-05-05_14-52-01/img_387.png,0,0.0396728515625,1,0,0
samples/2020-05-05_14-52-01/img_388.png,0,0.119049072265625,1,0,0
samples/2020-05-05_14-52-01/img_389.png,0,0.095245361328125,1,0,0
samples/2020-05-05_14-52-01/img_390.png,0,0.0238037109375,1,0,0
samples/2020-05-05_14-52-01/img_391.png,0,0.150787353515625,1,0,0
samples/2020-05-05_14-52-01/img_392.png,0,0.111114501953125,1,0,0
samples/2020-05-05_14-52-01/img_393.png,0,0.0555419921875,1,0,0
samples/2020-05-05_14-52-01/img_394.png,0,0.079376220703125,1,0,0
samples/2020-05-05_14-52-01/img_395.png,0,0.071441650390625,1,0,0
samples/2020-05-05_14-52-01/img_396.png,0,0.0238037109375,1,0,0
samples/2020-05-05_14-52-01/img_397.png,0,0.119049072265625,1,0,0
samples/2020-05-05_14-52-01/img_398.png,0,0.111114501953125,1,0,0
samples/2020-05-05_14-52-01/img_399.png,0,0.0238037109375,1,0,0
samples/2020-05-05_14-52-01/img_400.png,0,0.0238037109375,1,0,0
samples/2020-05-05_14-52-01/img_401.png,0,0.142852783203125,1,0,0
samples/2020-05-05_14-52-01/img_402.png,0,0,1,0,0
samples/2020-05-05_14-52-01/img_403.png,0,0.119049072265625,1,0,0
samples/2020-05-05_14-52-01/img_404.png,0,0,1,0,0
samples/2020-05-05_14-52-01/img_405.png,0,0.158721923828125,1,0,0
samples/2020-05-05_14-52-01/img_406.png,0,0,1,0,0
samples/2020-05-05_14-52-01/img_407.png,0,0.134918212890625,1,0,0
samples/2020-05-05_14-52-01/img_408.png,0,0.158721923828125,1,0,0
samples/2020-05-05_14-52-01/img_409.png,0,0.0555419921875,1,0,0
samples/2020-05-05_14-52-01/img_410.png,0,0.0238037109375,1,0,0
samples/2020-05-05_14-52-01/img_411.png,0,0.0396728515625,1,0,0
samples/2020-05-05_14-52-01/img_412.png,0,0.0238037109375,1,0,0
samples/2020-05-05_14-52-01/img_413.png,0,0.111114501953125,1,0,0
samples/2020-05-05_14-52-01/img_414.png,0,0.03173828125,1,0,0
samples/2020-05-05_14-52-01/img_415.png,0,0.03173828125,1,0,0
samples/2020-05-05_14-52-01/img_416.png,0,0.03173828125,1,0,0
samples/2020-05-05_14-52-01/img_417.png,0,0.03173828125,1,0,0
samples/2020-05-05_14-52-01/img_418.png,0,0.03173828125,1,0,0
samples/2020-05-05_14-52-01/img_419.png,0,0.111114501953125,1,0,0
samples/2020-05-05_14-52-01/img_420.png,0,0.03173828125,1,0,0
samples/2020-05-05_14-52-01/img_421.png,0,0.03173828125,1,0,0
samples/2020-05-05_14-52-01/img_422.png,0,0.03173828125,1,0,0
samples/2020-05-05_14-52-01/img_423.png,0,0.03173828125,1,0,0
samples/2020-05-05_14-52-01/img_424.png,0,0.03173828125,1,0,0
samples/2020-05-05_14-52-01/img_425.png,0,0.03173828125,1,0,0
samples/2020-05-05_14-52-01/img_426.png,0,0.03173828125,1,0,0
samples/2020-05-05_14-52-01/img_427.png,0,0.03173828125,1,0,0
samples/2020-05-05_14-52-01/img_428.png,0,0.03173828125,1,0,0
samples/2020-05-05_14-52-01/img_429.png,0,0.03173828125,1,0,0
samples/2020-05-05_14-52-01/img_430.png,0,0.03173828125,1,0,0
samples/2020-05-05_14-52-01/img_431.png,0,0.03173828125,1,0,0
samples/2020-05-05_14-52-01/img_432.png,0,0.03173828125,1,0,0
samples/2020-05-05_14-52-01/img_433.png,0,0.03173828125,1,0,0
samples/2020-05-05_14-52-01/img_434.png,0,0.03173828125,1,0,0
samples/2020-05-05_14-52-01/img_435.png,0,0.03173828125,1,0,0
samples/2020-05-05_14-52-01/img_436.png,0,0.03173828125,1,0,0
samples/2020-05-05_14-52-01/img_437.png,0,0.03173828125,1,0,0
samples/2020-05-05_14-52-01/img_438.png,0,0.03173828125,1,0,0
samples/2020-05-05_14-52-01/img_439.png,0,0.03173828125,1,0,0
samples/2020-05-05_14-52-01/img_440.png,0,0.03173828125,1,0,0
samples/2020-05-05_14-52-01/img_441.png,0,0.03173828125,1,0,0
samples/2020-05-05_14-52-01/img_442.png,0,0.03173828125,1,0,0
samples/2020-05-05_14-52-01/img_443.png,0,0.03173828125,1,0,0
samples/2020-05-05_14-52-01/img_444.png,0,0.03173828125,1,0,0
samples/2020-05-05_14-52-01/img_445.png,0,0.03173828125,1,0,0
samples/2020-05-05_14-52-01/img_446.png,0,0.03173828125,1,0,0
samples/2020-05-05_14-52-01/img_447.png,0,0.03173828125,1,0,0
samples/2020-05-05_14-52-01/img_448.png,0,0.03173828125,1,0,0
samples/2020-05-05_14-52-01/img_449.png,0,0.03173828125,1,0,0
samples/2020-05-05_14-52-01/img_450.png,0,0.03173828125,1,0,0
samples/2020-05-05_14-52-01/img_451.png,0,0.03173828125,1,0,0
samples/2020-05-05_14-52-01/img_452.png,0,0.03173828125,1,0,0
samples/2020-05-05_14-52-01/img_453.png,0,0.03173828125,1,0,0
samples/2020-05-05_14-52-01/img_454.png,0,0.03173828125,1,0,0
samples/2020-05-05_14-52-01/img_455.png,0,0.03173828125,1,0,0
samples/2020-05-05_14-52-01/img_456.png,0,0.03173828125,1,0,0
samples/2020-05-05_14-52-01/img_457.png,0,0.03173828125,1,0,0
samples/2020-05-05_14-52-01/img_458.png,0,0.03173828125,1,0,0
samples/2020-05-05_14-52-01/img_459.png,0,0.03173828125,1,0,0
samples/2020-05-05_14-52-01/img_460.png,0,0.03173828125,1,0,0
samples/2020-05-05_14-52-01/img_461.png,0,0.03173828125,1,0,0
samples/2020-05-05_14-52-01/img_462.png,0,0.03173828125,1,0,0
samples/2020-05-05_14-52-01/img_463.png,0,0.03173828125,1,0,0
samples/2020-05-05_14-52-01/img_464.png,0,0.03173828125,1,0,0
samples/2020-05-05_14-52-01/img_465.png,0,0.03173828125,1,0,0
samples/2020-05-05_14-52-01/img_466.png,0,0.03173828125,1,0,0
samples/2020-05-05_14-52-01/img_467.png,0,0.03173828125,1,0,0
samples/2020-05-05_14-52-01/img_468.png,0,0.03173828125,1,0,0
samples/2020-05-05_14-52-01/img_469.png,0,0.03173828125,1,0,0
samples/2020-05-05_14-52-01/img_470.png,0,0.03173828125,1,0,0
samples/2020-05-05_14-52-01/img_471.png,0,0.03173828125,1,0,0
samples/2020-05-05_14-52-01/img_472.png,0,0.03173828125,1,0,0
samples/2020-05-05_14-52-01/img_473.png,0,0.03173828125,1,0,0
samples/2020-05-05_14-52-01/img_474.png,0,0.03173828125,1,0,0
samples/2020-05-05_14-52-01/img_475.png,0,0.03173828125,1,0,0
samples/2020-05-05_14-52-01/img_476.png,0,0.03173828125,1,0,0
samples/2020-05-05_14-52-01/img_477.png,0,0,1,0,0
samples/2020-05-05_14-52-01/img_478.png,0,0,1,0,0
samples/2020-05-05_14-52-01/img_479.png,0,0.166656494140625,1,0,0
samples/2020-05-05_14-52-01/img_480.png,0,0.03173828125,1,0,0
samples/2020-05-05_14-52-01/img_481.png,0,0.03173828125,1,0,0
samples/2020-05-05_14-52-01/img_482.png,0,0.198394775390625,1,0,0
samples/2020-05-05_14-52-01/img_483.png,0,0.071441650390625,1,0,0
samples/2020-05-05_14-52-01/img_484.png,0,0.0634765625,1,0,0
samples/2020-05-05_14-52-01/img_485.png,0,0.0634765625,1,0,0
samples/2020-05-05_14-52-01/img_486.png,0,0.119049072265625,1,0,0
samples/2020-05-05_14-52-01/img_487.png,0,0.0555419921875,1,0,0
samples/2020-05-05_14-52-01/img_488.png,0,0.0555419921875,1,0,0
samples/2020-05-05_14-52-01/img_489.png,0,0.22222900390625,1,0,0
samples/2020-05-05_14-52-01/img_490.png,0,0.071441650390625,1,0,0
samples/2020-05-05_14-52-01/img_491.png,0,0.0634765625,1,0,0
samples/2020-05-05_14-52-01/img_492.png,0,0.26983642578125,1,0,0
samples/2020-05-05_14-52-01/img_493.png,0,0.0396728515625,1,0,0
samples/2020-05-05_14-52-01/img_494.png,0,0.03173828125,1,0,0
samples/2020-05-05_14-52-01/img_495.png,0,0.047607421875,1,0,0
samples/2020-05-05_14-52-01/img_496.png,0,0.079376220703125,1,0,0
samples/2020-05-05_14-52-01/img_497.png,0,0.134918212890625,1,0,0
samples/2020-05-05_14-52-01/img_498.png,0,0.158721923828125,1,0,0
samples/2020-05-05_14-52-01/img_499.png,0,0.0634765625,1,0,0
samples/2020-05-05_14-52-01/img_500.png,0,0.182525634765625,1,0,0
samples/2020-05-05_14-52-01/img_501.png,0,0.0555419921875,1,0,0
samples/2020-05-05_14-52-01/img_502.png,0,0.0555419921875,1,0,0
samples/2020-05-05_14-52-01/img_503.png,0,0.0634765625,1,0,0
samples/2020-05-05_14-52-01/img_504.png,0,0.095245361328125,1,0,0
samples/2020-05-05_14-52-01/img_505.png,0,0.166656494140625,1,0,0
samples/2020-05-05_14-52-01/img_506.png,0,0.0555419921875,1,0,0
samples/2020-05-05_14-52-01/img_507.png,0,0.134918212890625,1,0,0
samples/2020-05-05_14-52-01/img_508.png,0,0.0555419921875,1,0,0
samples/2020-05-05_14-52-01/img_509.png,0,0.047607421875,1,0,0
samples/2020-05-05_14-52-01/img_510.png,0,0.047607421875,1,0,0
samples/2020-05-05_14-52-01/img_511.png,0,0.079376220703125,1,0,0
samples/2020-05-05_14-52-01/img_512.png,0,0.047607421875,1,0,0
samples/2020-05-05_14-52-01/img_513.png,0,0.0396728515625,1,0,0
samples/2020-05-05_14-52-01/img_514.png,0,0.206329345703125,1,0,0
samples/2020-05-05_14-52-01/img_515.png,0,0.158721923828125,1,0,0
samples/2020-05-05_14-52-01/img_516.png,0,0.071441650390625,1,0,0
samples/2020-05-05_14-52-01/img_517.png,0,0.03173828125,1,0,0
samples/2020-05-05_14-52-01/img_518.png,0,0.03173828125,1,0,0
samples/2020-05-05_14-52-01/img_519.png,0,0.03173828125,1,0,0
samples/2020-05-05_14-52-01/img_520.png,0,0.0396728515625,1,0,0
samples/2020-05-05_14-52-01/img_521.png,0,0.0396728515625,1,0,0
samples/2020-05-05_14-52-01/img_522.png,0,0.0396728515625,1,0,0
samples/2020-05-05_14-52-01/img_523.png,0,0.03173828125,1,0,0
samples/2020-05-05_14-52-01/img_524.png,0,0.158721923828125,1,0,0
samples/2020-05-05_14-52-01/img_525.png,0,0,1,0,0
samples/2020-05-05_14-52-01/img_526.png,0,0,1,0,0
samples/2020-05-05_14-52-01/img_527.png,0,0,1,0,0
samples/2020-05-05_14-52-01/img_528.png,0,0,1,0,0
samples/2020-05-05_14-52-01/img_529.png,0,0,1,0,0
samples/2020-05-05_14-52-01/img_530.png,0,0,1,0,0
samples/2020-05-05_14-52-01/img_531.png,0,0,1,0,0
samples/2020-05-05_14-52-01/img_532.png,0,0,1,0,0
samples/2020-05-05_14-52-01/img_533.png,0,0,1,0,0
samples/2020-05-05_14-52-01/img_534.png,0,0,1,0,0
samples/2020-05-05_14-52-01/img_535.png,0,0,1,0,0
samples/2020-05-05_14-52-01/img_536.png,0,0,1,0,0
samples/2020-05-05_14-52-01/img_537.png,0,0,1,0,0
samples/2020-05-05_14-52-01/img_538.png,0,0,1,0,0
samples/2020-05-05_14-52-01/img_539.png,0,0,1,0,0
samples/2020-05-05_14-52-01/img_540.png,0,0,1,0,0
samples/2020-05-05_14-52-01/img_541.png,0,0,1,0,0
samples/2020-05-05_14-52-01/img_542.png,0.999969482421875,0.150787353515625,1,0,0
samples/2020-05-05_14-52-01/img_543.png,0.89678955078125,0.182525634765625,1,0,0
samples/2020-05-05_14-52-01/img_544.png,0,0,1,0,0
samples/2020-05-05_14-52-01/img_545.png,0.999969482421875,0,1,0,0
samples/2020-05-05_14-52-01/img_546.png,0,0,1,0,0
samples/2020-05-05_14-52-01/img_547.png,0,0,1,0,0
samples/2020-05-05_14-52-01/img_548.png,0,0.0238037109375,1,0,0
samples/2020-05-05_14-52-01/img_549.png,0,0.0238037109375,1,0,0
samples/2020-05-05_14-52-01/img_550.png,0,0.0238037109375,1,0,0
samples/2020-05-05_14-52-01/img_551.png,0,0.0238037109375,1,0,0
samples/2020-05-05_14-52-01/img_552.png,0,0.0238037109375,1,0,0
samples/2020-05-05_14-52-01/img_553.png,0,0.0238037109375,1,0,0
samples/2020-05-05_14-52-01/img_554.png,0.380950927734375,0.0238037109375,1,0,0
samples/2020-05-05_14-52-01/img_555.png,0.86505126953125,0.0238037109375,1,0,0
samples/2020-05-05_14-52-01/img_556.png,0.999969482421875,0.071441650390625,1,0,0
samples/2020-05-05_14-52-01/img_557.png,0.999969482421875,0.071441650390625,1,0,0
samples/2020-05-05_14-52-01/img_558.png,0.0555419921875,0,1,0,0
samples/2020-05-05_14-52-01/img_559.png,0.142852783203125,0,1,0,0
samples/2020-05-05_14-52-01/img_560.png,0,0,1,0,0
samples/2020-05-05_14-52-01/img_561.png,0.0396728515625,0,1,0,0
samples/2020-05-05_14-52-01/img_562.png,0,0,1,0,0
samples/2020-05-05_14-52-01/img_563.png,0,0,1,0,0
samples/2020-05-05_14-52-01/img_564.png,0.698394775390625,0.119049072265625,1,0,0
samples/2020-05-05_14-52-01/img_565.png,0,0.03173828125,1,0,0
samples/2020-05-05_14-52-01/img_566.png,0,0.03173828125,1,0,0
samples/2020-05-05_14-52-01/img_567.png,0.0396728515625,0.03173828125,1,0,0
samples/2020-05-05_14-52-01/img_568.png,0,0,1,0,0
samples/2020-05-05_14-52-01/img_569.png,0,0,1,0,0
samples/2020-05-05_14-52-01/img_570.png,0,0,1,0,0
samples/2020-05-05_14-52-01/img_571.png,0,0,1,0,0
samples/2020-05-05_14-52-01/img_572.png,0,0,1,0,0
samples/2020-05-05_14-52-01/img_573.png,0,0,1,0,0
samples/2020-05-05_14-52-01/img_574.png,0,0,1,0,0
samples/2020-05-05_14-52-01/img_575.png,0,0,1,0,0
samples/2020-05-05_14-52-01/img_576.png,0,0,1,0,0
samples/2020-05-05_14-52-01/img_577.png,0,0.079376220703125,1,0,0
samples/2020-05-05_14-52-01/img_578.png,0,0.119049072265625,1,0,0
samples/2020-05-05_14-52-01/img_579.png,0,0,1,0,0
samples/2020-05-05_14-52-01/img_580.png,0,0,1,0,0
samples/2020-05-05_14-52-01/img_581.png,0,0,1,0,0
samples/2020-05-05_14-52-01/img_582.png,0,0.047607421875,1,0,0
samples/2020-05-05_14-52-01/img_583.png,0,0.0396728515625,1,0,0
samples/2020-05-05_14-52-01/img_584.png,0,0.0396728515625,1,0,0
samples/2020-05-05_14-52-01/img_585.png,0,0,1,0,0
samples/2020-05-05_14-52-01/img_586.png,0,0.103179931640625,1,0,0
samples/2020-05-05_14-52-01/img_587.png,0,0.111114501953125,1,0,0
samples/2020-05-05_14-52-01/img_588.png,0,0.0555419921875,1,0,0
samples/2020-05-05_14-52-01/img_589.png,0,0.087310791015625,1,0,0
samples/2020-05-05_14-52-01/img_590.png,0,0.0396728515625,1,0,0
samples/2020-05-05_14-52-01/img_591.png,0,0.119049072265625,1,0,0
samples/2020-05-05_14-52-01/img_592.png,0,0.126983642578125,1,0,0
samples/2020-05-05_14-52-01/img_593.png,0,0,1,0,0
samples/2020-05-05_14-52-01/img_594.png,0,0,1,0,0
samples/2020-05-05_14-52-01/img_595.png,0,0.079376220703125,1,0,0
samples/2020-05-05_14-52-01/img_596.png,0,0.126983642578125,1,0,0
samples/2020-05-05_14-52-01/img_597.png,0,0,1,0,0
samples/2020-05-05_14-52-01/img_598.png,0,0.0238037109375,1,0,0
samples/2020-05-05_14-52-01/img_599.png,0,0.03173828125,1,0,0
samples/2020-05-05_14-52-01/img_600.png,0,0.03173828125,1,0,0
samples/2020-05-05_14-52-01/img_601.png,0,0.095245361328125,1,0,0
samples/2020-05-05_14-52-01/img_602.png,0,0.158721923828125,1,0,0
samples/2020-05-05_14-52-01/img_603.png,0,0.158721923828125,1,0,0
samples/2020-05-05_14-52-01/img_604.png,0,0.047607421875,1,0,0
samples/2020-05-05_14-52-01/img_605.png,0,0.111114501953125,1,0,0
samples/2020-05-05_14-52-01/img_606.png,0,0.174591064453125,1,0,0
samples/2020-05-05_14-52-01/img_607.png,0,0.087310791015625,1,0,0
samples/2020-05-05_14-52-01/img_608.png,0,0.0555419921875,1,0,0
samples/2020-05-05_14-52-01/img_609.png,0,0.087310791015625,1,0,0
samples/2020-05-05_14-52-01/img_610.png,0,0.079376220703125,1,0,0
samples/2020-05-05_14-52-01/img_611.png,0,0.079376220703125,1,0,0
samples/2020-05-05_14-52-01/img_612.png,0,0.0396728515625,1,0,0
samples/2020-05-05_14-52-01/img_613.png,0,0.0238037109375,1,0,0
samples/2020-05-05_14-52-01/img_614.png,0,0.0238037109375,1,0,0
samples/2020-05-05_14-52-01/img_615.png,0,0,1,0,0
samples/2020-05-05_14-52-01/img_616.png,0,0.095245361328125,1,0,0
samples/2020-05-05_14-52-01/img_617.png,0,0.0238037109375,1,0,0
samples/2020-05-05_14-52-01/img_618.png,0,0.0238037109375,1,0,0
samples/2020-05-05_14-52-01/img_619.png,0.682525634765625,0.071441650390625,1,0,0
samples/2020-05-05_14-52-01/img_620.png,0,0.047607421875,1,0,0
samples/2020-05-05_14-52-01/img_621.png,0,0.03173828125,1,0,0
samples/2020-05-05_14-52-01/img_622.png,0,0.03173828125,1,0,0
samples/2020-05-05_14-52-01/img_623.png,0,0.0238037109375,1,0,0
samples/2020-05-05_14-52-01/img_624.png,0,0.03173828125,1,0,0
samples/2020-05-05_14-52-01/img_625.png,0,0.03173828125,1,0,0
samples/2020-05-05_14-52-01/img_626.png,0,0.03173828125,1,0,0
samples/2020-05-05_14-52-01/img_627.png,0,0.03173828125,1,0,0
samples/2020-05-05_14-52-01/img_628.png,0,0.03173828125,1,0,0
samples/2020-05-05_14-52-01/img_629.png,0,0.03173828125,1,0,0
samples/2020-05-05_14-52-01/img_630.png,0,0.03173828125,1,0,0
samples/2020-05-05_14-52-01/img_631.png,0,0.0238037109375,1,0,0
samples/2020-05-05_14-52-01/img_632.png,0,0.03173828125,1,0,0
samples/2020-05-05_14-52-01/img_633.png,0,0.03173828125,1,0,0
samples/2020-05-05_14-52-01/img_634.png,0,0.03173828125,1,0,0
samples/2020-05-05_14-52-01/img_635.png,0,0.03173828125,1,0,0
samples/2020-05-05_14-52-01/img_636.png,0,0.03173828125,1,0,0
